{
  "name": "标题",
  "icon": "DocumentAdd",
  "fields": {
    "title": {
      "label": "标题",
      "type": "string",
      "value": "LEADING SERIES"
    },
    "position": {
      "label": "布局选择",
      "type": "select",
      "value": "left",
      "data": [
        {
          "id": "1635161793h3mJ",
          "label": "居左",
          "value": "left"
        },
        {
          "id": "1635161794uYJI",
          "label": "居中",
          "value": "center"
        }
      ]
    },
    "styles": {
      "label": "标题样式",
      "type": "object",
      "child": {
        "titleSize": {
          "label": "标题字体",
          "type": "number",
          "value": 20
        },
        "titleColor": {
          "label": "标题颜色",
          "type": "color",
          "value": "#333333"
        }
      }
    }
  },
  "group": ["basic"]
}
